"Comment","Designator","Footprint","JLCPCB Part #"
"100nF","C1,C2,C4,C5,C10","0402","C1525"
"1uF","C3,C9","0402","C52923"
"10uF","C6,C11,C12","0603","C19702"
"22uF","C7,C13","0603","C59461"
"100uF","C8","1206","C15008"
"HC-1.25-2PWT","CN1,CN2,CN3,CN4","C2845379","C2845379"
"53398-0271","CN5","C122410","C122410"
"B5819W","D1,D2,D3,D4","C8598","C8598"
"FTC252012S2R2MBCA","L1","C5832372","C5832372"
"KT-0603R","LED1,LED2","C2286","C2286"
"AO3400A","Q1,Q2,Q3,Q4","C20917","C20917"
"47R","R1,R2,R3,R4","0603","C23182"
"10k","R5,R6,R7,R8","0603","C25804"
"10k","R9,R10","0402","C25744"
"1k","R11,R17","0402","C11702"
"4.7k","R12,R13","0402","C25900"
"5.1k","R14,R15","0402","C25905"
"3.3k","R16","0402","C25890"
"2.2R","R18","0603","C22939"
"100k","R19,R20","0402","C25741"
"100R","R21","0402","C25076"
"TS-1088-AR02016","SW1,SW2","C720477","C720477"
"ESP32-S3-WROOM-1-N16R8","U1","C2913202","C2913202"
"BMI323","U2","C5368700","C5368700"
"TPS63001DRCR","U3","C28060","C28060"
"TP4054-42-SOT25R","U4","C32574","C32574"
"TYPE-C 16PIN 2MD(073)","USB1","C2765186","C2765186"
