"Designator","Mid X","Mid Y","Layer","Rotation"
"C1","-10.850mm","18.600mm","Top","0"
"C2","-4.900mm","-5.900mm","Top","270"
"C3","-10.850mm","0.200mm","Top","270"
"C4","-2.600mm","-6.700mm","Top","270"
"C5","1.500mm","-5.300mm","Top","90"
"C6","-10.300mm","-8.500mm","Top","180"
"C7","-6.400mm","-5.900mm","Top","270"
"C8","5.400mm","-10.900mm","Top","0"
"C9","10.000mm","-3.700mm","Top","270"
"C10","-5.300mm","-1.800mm","Top","270"
"C11","11.200mm","-6.150mm","Top","90"
"C12","-10.600mm","-10.900mm","Top","90"
"CN1","15.547mm","15.547mm","Top","135"
"CN2","15.547mm","-15.547mm","Top","45"
"CN3","-15.547mm","-15.547mm","Top","315"
"CN4","-15.547mm","15.547mm","Top","225"
"CN5","5.400mm","-14.550mm","Top","0"
"D1","13.625mm","11.950mm","Top","315"
"D2","13.625mm","-11.950mm","Top","45"
"D3","-13.625mm","-11.950mm","Top","135"
"D4","-13.625mm","11.950mm","Top","225"
"LED1","3.900mm","-1.200mm","Top","0"
"LED2","3.750mm","-8.700mm","Top","180"
"Q1","14.825mm","7.500mm","Top","270"
"Q2","14.825mm","-7.500mm","Top","90"
"Q3","-14.825mm","-7.500mm","Top","90"
"Q4","-14.825mm","7.500mm","Top","270"
"R1","14.025mm","4.200mm","Top","90"
"R2","15.775mm","-4.200mm","Top","270"
"R3","-14.025mm","-4.200mm","Top","270"
"R4","-15.775mm","4.200mm","Top","90"
"R5","15.525mm","4.200mm","Top","270"
"R6","17.275mm","-4.200mm","Top","90"
"R7","-15.525mm","-4.200mm","Top","90"
"R8","-17.275mm","4.200mm","Top","270"
"R9","-10.220mm","17.140mm","Top","270"
"R10","8.500mm","-1.200mm","Top","0"
"R11","6.600mm","-1.200mm","Top","0"
"R12","-3.300mm","-2.100mm","Top","0"
"R13","0.400mm","-2.000mm","Top","180"
"R14","-6.100mm","-10.900mm","Top","90"
"R15","-2.250mm","-10.700mm","Top","90"
"R16","6.850mm","-4.600mm","Top","90"
"R17","3.000mm","-6.800mm","Top","90"
"R18","8.750mm","-4.100mm","Top","90"
"R19","-7.900mm","-1.800mm","Top","0"
"R20","-6.300mm","-1.800mm","Top","270"
"SW1","-16.600mm","0.000mm","Top","0"
"SW2","16.600mm","0.000mm","Top","0"
"U1","0.000mm","10.150mm","Top","0"
"U2","-1.405mm","-4.200mm","Top","0"
"U3","-9.000mm","-6.000mm","Top","270"
"U4","7.800mm","-7.600mm","Top","0"
"USB1","-4.000mm","-15.850mm","Top","0"
